order_id,customer_name,product,category,quantity,unit_price,discount_percentage,region,order_date
1043,Oscar Stewart,Webcam,Electronics,1,89.99,12,South,2024-02-24
1011,James Anderson,Laptop Stand,Electronics,3,45.0,0,South,2024-01-23
1039,Kevin Parker,Desk Chair,Furniture,2,250.0,15,South,2024-02-20
1026,Xavier King,Usb Hub,Electronics,3,35.0,0,North,2024-02-07
1016,Nate Martin,Ergonomic Chair,Furniture,1,375.0,10,East,2024-01-28
1024,Victor Allen,Notebook,Stationery,15,5.99,0,East,2024-02-05
1004,Alice Johnson,Laptop,Electronics,2,899.99,10,North,2024-01-15
1012,Karen Thomas,Usb Hub,Electronics,4,35.0,,East,2024-01-24
1032,Diana Carter,Mechanical Keyboard,Electronics,3,145.0,8,East,2024-02-13
1037,Ian Phillips,Laptop,Electronics,,899.99,10,West,2024-02-18
1028,Zoe Scott,Laptop Stand,Electronics,4,45.0,0,East,2024-02-09
1002,Bob Smith,Mouse,Electronics,5,25.5,5,South,2024-01-16
1017,Olivia Garcia,Mechanical Keyboard,Electronics,2,145.0,8,West,2024-01-29
1022,Tina Walker,Monitor,Electronics,2,300.0,8,North,2024-02-03
1006,Eve Davis,Desk Chair,Furniture,1,250.0,15,North,2024-01-19
1008,Grace Lee,Notebook,Stationery,10,5.99,0,East,2024-01-21
1003,Carol White,Keyboard,Electronics,3,75.0,0,East,2024-01-17
1045,Quinn Morris,Headphones,Electronics,3,,10,West,2024-02-26
1020,Rachel Clark,Highlighters,Stationery,30,8.5,5,East,2024-02-01
1001,Alice Johnson,Laptop,Electronics,2,899.99,10,North,2024-01-15
1029,Aaron Green,Headphones,Electronics,1,120.0,10,West,2024-02-10
1042,Nancy Collins,Usb Hub,Electronics,6,35.0,0,North,2024-02-23
1038,Julia Campbell,Monitor,Electronics,1,300.0,8,North,2024-02-19
1040,Laura Evans,Notebook,Stationery,8,5.99,0,East,2024-02-21
1027,Yara Wright,Webcam,Electronics,2,89.99,12,South,
1031,Chris Baker,Ergonomic Chair,Furniture,1,375.0,0,South,2024-02-12
1041,Mike Edwards,Pen Set,Stationery,12,12.5,5,West,2024-02-22
1019,Quinn Robinson,Filing Cabinet,Furniture,1,199.99,12,South,2024-01-31
1036,Hannah Turner,Highlighters,Stationery,20,8.5,5,East,2024-02-17
1010,Iris Taylor,Webcam,Electronics,1,89.99,12,North,2024-01-22
1030,Bella Adams,Office Lamp,Furniture,2,55.0,5,North,2024-02-11
1009,Henry Moore,Pen Set,Stationery,20,12.5,5,West,2024-01-21
1018,Peter Martinez,Mouse Pad,Electronics,5,15.0,0,North,2024-01-30
1005,David Brown,Monitor,Electronics,,300.0,8,West,2024-01-18
1033,Ethan Mitchell,Mouse,Electronics,10,25.5,5,West,2024-02-14
1021,Samuel Lewis,Laptop,Electronics,1,899.99,10,West,2024-02-02
1015,Mona Harris,Sticky Notes,Stationery,50,3.99,0,South,2024-01-27
1014,Liam Jackson,Office Lamp,Furniture,1,55.0,5,North,2024-01-26
1007,Frank Wilson,Standing Desk,Furniture,2,499.99,20,South,2024-01-20
1025,Wendy Young,Pen Set,Stationery,10,12.5,5,West,2024-02-06
1034,Fiona Perez,Sticky Notes,Stationery,25,3.99,0,North,2024-02-15
1035,George Roberts,Filing Cabinet,Furniture,1,199.99,12,South,2024-02-16
1044,Pamela Sanchez,Laptop Stand,Electronics,5,45.0,0,East,2024-02-25
1013,Unknown,Headphones,Electronics,2,120.0,10,West,2024-01-25
1023,Uma Hall,Desk Chair,Furniture,2,250.0,15,South,2024-02-04
